{
  "id": "kombinaciya_1",
  "title": "Комбинация на оттяжку",
  "author": "Feldman",
  "description": "Учимся ловить шашки с помощью жертвы. Русские шашки.",
  "steps": [
    { "from": "g3", "to": "h4", "capture": false },
    { "from": "f6", "to": "e5", "capture": false },
    { "from": "c3", "to": "b4", "capture": false },
    { "from": "e5", "to": "f4", "capture": false },
    { "from": "e3", "to": "g5", "capture": true },
    { "from": "h6", "to": "f4", "capture": true },
    { "from": "b4", "to": "a5", "capture": false },
    { "from": "b6", "to": "c5", "capture": false },
    { "from": "b2", "to": "c3", "capture": false },
    { "from": "c5", "to": "b4", "capture": false },
    { "from": "a3", "to": "e5", "capture": true },
    { "from": "d6", "to": "b4", "capture": true },
    { "from": "c3", "to": "d4", "capture": false },
    { "from": "b4", "to": "a3", "capture": false },
    { "from": "f2", "to": "g3", "capture": false },
    { "from": "e7", "to": "d6", "capture": false },
    { "from": "g3", "to": "e5", "capture": true },
    { "from": "d6", "to": "f4", "capture": true },
    { "from": "g1", "to": "f2", "capture": false },
    { "from": "d8", "to": "e7", "capture": false },
    { "from": "f2", "to": "g3", "capture": false },
    { "from": "e7", "to": "d6", "capture": false },
    { "from": "g3", "to": "e5", "capture": true },
    { "from": "d6", "to": "f4", "capture": true },
    { "from": "e1", "to": "f2", "capture": false },
    { "from": "g7", "to": "f6", "capture": false },
    { "from": "d4", "to": "c5", "capture": false },
    { "from": "c7", "to": "b6", "capture": false },
    { "from": "a5", "to": "e7", "capture": true },
    { "from": "b8", "to": "b4", "capture": true },
    { "from": "a1", "to": "b2", "capture": false },
    { "from": "f4", "to": "e3", "capture": false },
    { "from": "d2", "to": "f4", "capture": true },
    { "from": "h8", "to": "g7", "capture": false },
    { "from": "f4", "to": "g5", "capture": false },
    { "from": "f6", "to": "e5", "capture": false },
    { "from": "g5", "to": "f6", "capture": true },
    { "from": "g7", "to": "h6", "capture": false },
    { "from": "f6", "to": "d4", "capture": true },
    { "from": "b4", "to": "c3", "capture": false },
    { "from": "f2", "to": "g3", "capture": false },
    { "from": "c3", "to": "a1", "capture": true },
    { "from": "g3", "to": "f4", "capture": false },
    { "from": "a1", "to": "g3", "capture": true },
    { "from": "h2", "to": "f4", "capture": true },
    { "from": "a7", "to": "b6", "capture": false },
    { "from": "f4", "to": "e5", "capture": false },
    { "from": "f8", "to": "g7", "capture": false },
    { "from": "e5", "to": "d6", "capture": false }
  ]
}
